rank,release,gross,theaters,total_gross,release_date,distributor,estimated,scraped_at
1,Inside Out 2,652980194,"4,440",652980194,Jun 14,Walt Disney Studios Motion Pictures,false,2025-12-13T12:16:56.182116
2,Deadpool & Wolverine,636745858,"4,330",636745858,Jul 26,Walt Disney Studios Motion Pictures,false,2025-12-13T12:16:56.182116
3,Wicked,432943285,"3,888",474983975,Nov 22,Universal Pictures,false,2025-12-13T12:16:56.182116
4,Moana 2,404017489,"4,200",460405297,Nov 27,Walt Disney Studios Motion Pictures,false,2025-12-13T12:16:56.182116
5,Despicable Me 4,361004205,"4,449",361004205,Jul 3,Universal Pictures,false,2025-12-13T12:16:56.182116
6,Beetlejuice Beetlejuice,294100435,"4,575",294100435,Sep 6,Warner Bros.,false,2025-12-13T12:16:56.182116
7,Dune: Part Two,282144358,"4,074",282144358,Mar 1,Warner Bros.,false,2025-12-13T12:16:56.182116
8,Twisters,267762265,"4,170",267762265,Jul 19,Universal Pictures,false,2025-12-13T12:16:56.182116
9,Godzilla x Kong: The New Empire,196350016,"3,948",196350016,Mar 29,Warner Bros.,false,2025-12-13T12:16:56.182116
10,Kung Fu Panda 4,193590620,"4,067",193590620,Mar 8,Universal Pictures,false,2025-12-13T12:16:56.182116
11,Bad Boys: Ride or Die,193573217,"3,885",193573217,Jun 7,Sony Pictures Releasing,false,2025-12-13T12:16:56.182116
12,Kingdom of the Planet of the Apes,171130165,"4,075",171130165,May 10,20th Century Studios,false,2025-12-13T12:16:56.182116
13,Gladiator II,164554921,"3,580",172438016,Nov 22,Paramount Pictures,false,2025-12-13T12:16:56.182116
14,Sonic the Hedgehog 3,151558894,"3,769",236115100,Dec 20,Paramount Pictures,false,2025-12-13T12:16:56.182116
15,It Ends with Us,148518266,"3,839",148518266,Aug 9,Sony Pictures Releasing,false,2025-12-13T12:16:56.182116
16,The Wild Robot,143190445,"3,997",143901945,Sep 27,Universal Pictures,false,2025-12-13T12:16:56.182116
17,Venom: The Last Dance,139733580,"4,131",139755882,Oct 25,Sony Pictures Releasing,false,2025-12-13T12:16:56.182116
18,A Quiet Place: Day One,138930553,"3,708",139051884,Jun 28,Paramount Pictures,false,2025-12-13T12:16:56.182116
19,Mufasa: The Lion King,128143945,"4,100",254567693,Dec 20,Walt Disney Studios Motion Pictures,false,2025-12-13T12:16:56.182116
20,Ghostbusters: Frozen Empire,113376590,"4,345",113376590,Mar 22,Sony Pictures Releasing,false,2025-12-13T12:16:56.182116
21,IF,111149917,"4,068",111375918,May 17,Paramount Pictures,false,2025-12-13T12:16:56.182116
22,Alien: Romulus,105313091,"3,915",105313091,Aug 16,20th Century Studios,false,2025-12-13T12:16:56.182116
23,Bob Marley: One Love,96893170,"3,597",96981216,Feb 14,Paramount Pictures,false,2025-12-13T12:16:56.182116
24,Red One,96805881,"4,032",97000759,Nov 15,Amazon MGM Studios,false,2025-12-13T12:16:56.182116
25,The Fall Guy,92900355,"4,008",92900355,May 3,Universal Pictures,false,2025-12-13T12:16:56.182116
26,The Garfield Movie,91956547,"4,108",91956547,May 24,Sony Pictures Releasing,false,2025-12-13T12:16:56.182116
27,Wonka,85272410,"4,213",218402312,Dec 15,Warner Bros.,false,2025-12-13T12:16:56.182116
28,Longlegs,74346140,"2,850",74346140,Jul 12,Neon,false,2025-12-13T12:16:56.182116
29,Migration,73526925,"3,839",127630880,Dec 22,Universal Pictures,false,2025-12-13T12:16:56.182116
30,Mean Girls,72404248,"3,826",72581770,Jan 12,Paramount Pictures,false,2025-12-13T12:16:56.182116
31,Smile 2,68967012,"3,624",69012586,Oct 18,Paramount Pictures,false,2025-12-13T12:16:56.182116
32,Civil War,68603430,"3,929",68756072,Apr 12,A24,false,2025-12-13T12:16:56.182116
33,Furiosa: A Mad Max Saga,67475791,"3,864",67475791,May 24,Warner Bros.,false,2025-12-13T12:16:56.182116
34,The Beekeeper,66220535,"3,337",66220535,Jan 12,Metro-Goldwyn-Mayer (MGM),false,2025-12-13T12:16:56.182116
35,Anyone But You,63482283,"3,055",88319668,Dec 22,Columbia Pictures,false,2025-12-13T12:16:56.182116
36,Transformers One,59054170,"3,978",59098421,Sep 20,Paramount Pictures,false,2025-12-13T12:16:56.182116
37,Joker: Folie à Deux,58300287,"4,102",58300287,Oct 4,Warner Bros.,false,2025-12-13T12:16:56.182116
38,Terrifier 3,53799754,"2,762",53981071,Oct 11,Cineverse,false,2025-12-13T12:16:56.182116
39,Challengers,50119408,"3,477",50119408,Apr 26,Amazon MGM Studios,false,2025-12-13T12:16:56.182116
40,Nosferatu,48120015,"3,132",95608235,Dec 25,Focus Features,false,2025-12-13T12:16:56.182116
41,Aquaman and the Lost Kingdom,48011513,"3,787",124481226,Dec 22,Warner Bros.,false,2025-12-13T12:16:56.182116
42,Argylle,45207275,"3,647",45207275,Feb 2,Universal Pictures,false,2025-12-13T12:16:56.182116
43,Madame Web,43817106,"4,013",43817106,Feb 14,Columbia Pictures,false,2025-12-13T12:16:56.182116
44,Trap,42777281,"3,181",42777281,Aug 2,Warner Bros.,false,2025-12-13T12:16:56.182116
45,The Best Christmas Pageant Ever,39802723,"3,020",40048808,Nov 8,Lionsgate,false,2025-12-13T12:16:56.182116
46,Speak No Evil,36931420,"3,375",36931420,Sep 13,Universal Pictures,false,2025-12-13T12:16:56.182116
47,The Strangers: Chapter 1,35202562,"2,856",35202562,May 17,Lionsgate,false,2025-12-13T12:16:56.182116
48,Coraline15th Anniversary,33626425,"1,564",33626425,Aug 15,Fathom Events,false,2025-12-13T12:16:56.182116
49,Night Swim,32494740,"3,257",32494740,Jan 5,Universal Pictures,false,2025-12-13T12:16:56.182116
50,Conclave,31289705,"2,377",32580655,Oct 25,Focus Features,false,2025-12-13T12:16:56.182116
51,The Boys in the Boat,30642834,"2,687",52641306,Dec 25,Amazon MGM Studios,false,2025-12-13T12:16:56.182116
52,Reagan,30047417,"2,770",30047417,Aug 30,Showbiz Direct,false,2025-12-13T12:16:56.182116
53,The Forge,29123632,"1,921",29123632,Aug 23,Affirm Films,false,2025-12-13T12:16:56.182116
54,Horizon: An American Saga - Chapter 1,29035702,"3,334",29035702,Jun 28,Warner Bros.,false,2025-12-13T12:16:56.182116
55,A Complete Unknown,28501840,"2,835",75001720,Dec 25,Searchlight Pictures,false,2025-12-13T12:16:56.182116
56,Imaginary,28009161,"3,118",28009161,Mar 8,Lionsgate,false,2025-12-13T12:16:56.182116
57,Heretic,27915648,"3,230",27986380,Nov 8,A24,false,2025-12-13T12:16:56.182116
58,Abigail,25867515,"3,393",25867515,Apr 19,Universal Pictures,false,2025-12-13T12:16:56.182116
59,Monkey Man,25116955,"3,037",25116955,Apr 5,Universal Pictures,false,2025-12-13T12:16:56.182116
60,Arthur the King,25049006,"3,003",25049006,Mar 15,Lionsgate,false,2025-12-13T12:16:56.182116
61,We Live in Time,24692261,"2,964",24692924,Oct 11,A24,false,2025-12-13T12:16:56.182116
62,Poor Things,24284189,"2,300",34553225,Dec 8,Searchlight Pictures,false,2025-12-13T12:16:56.182116
63,Blink Twice,23093906,"3,067",23093906,Aug 23,Amazon MGM Studios,false,2025-12-13T12:16:56.182116
64,Kraven the Hunter,21915474,"3,211",25026310,Dec 13,Sony Pictures Releasing,false,2025-12-13T12:16:56.182116
65,The Bikeriders,21746895,"2,692",21746895,Jun 21,Focus Features,false,2025-12-13T12:16:56.182116
66,The Ministry of Ungentlemanly Warfare,20535053,"2,845",20535053,Apr 19,Lionsgate,false,2025-12-13T12:16:56.182116
67,Fly Me to the Moon,20532222,"3,356",20532222,Jul 12,Columbia Pictures,false,2025-12-13T12:16:56.182116
68,Unsung Hero,20335239,"2,832",20335239,Apr 26,Lionsgate,false,2025-12-13T12:16:56.182116
69,The First Omen,20092802,"3,375",20092802,Apr 5,20th Century Studios,false,2025-12-13T12:16:56.182116
70,Cabrini,19512134,"2,850",19512134,Mar 8,Angel,false,2025-12-13T12:16:56.182116
71,American Fiction,19442987,"1,902",21098470,Dec 15,Metro-Goldwyn-Mayer (MGM),false,2025-12-13T12:16:56.182116
72,Ordinary Angels,19174421,"3,020",19174421,Feb 23,Lionsgate,false,2025-12-13T12:16:56.182116
73,The Iron Claw,19110429,"2,794",35070296,Dec 22,A24,false,2025-12-13T12:16:56.182116
74,The Watchers,19071404,"3,351",19071404,Jun 7,Warner Bros.,false,2025-12-13T12:16:56.182116
75,Tarot,18771004,"3,104",18771004,May 3,Screen Gems,false,2025-12-13T12:16:56.182116
76,Demon Slayer: Kimetsu No Yaiba - To the Hashira Training,17657658,"1,949",17657658,Feb 23,Sony Pictures Releasing,false,2025-12-13T12:16:56.182116
77,Harold and the Purple Crayon,17640924,"3,325",17640924,Aug 2,Columbia Pictures,false,2025-12-13T12:16:56.182116
78,The Color Purple,16571549,"3,218",60619191,Dec 25,Warner Bros.,false,2025-12-13T12:16:56.182116
79,The Substance,16447054,"1,949",17584795,Sep 20,MUBI,false,2025-12-13T12:16:56.182116
80,Immaculate,15671307,"2,362",15671307,Mar 22,Neon,false,2025-12-13T12:16:56.182116
81,Borderlands,15482668,"3,125",15482668,Aug 9,Lionsgate,false,2025-12-13T12:16:56.182116
82,Interstellar2024 Re-release,15207563,321,15207563,Dec 6,Paramount Pictures,false,2025-12-13T12:16:56.182116
83,MaXXXine,15097632,"2,450",15097632,Jul 5,A24,false,2025-12-13T12:16:56.182116
84,The Chosen: S4 Episodes 1-3,14410169,"2,280",14409169,Feb 1,Fathom Events,false,2025-12-13T12:16:56.182116
85,Anora,14146804,"1,938",20474295,Oct 18,Neon,false,2025-12-13T12:16:56.182116
86,Homestead,13988821,"1,886",20811864,Dec 20,Angel,false,2025-12-13T12:16:56.182116
87,Star Wars: Episode I - The Phantom Menace2024 Re-release,13029994,"2,700",13029994,May 3,Walt Disney Studios Motion Pictures,false,2025-12-13T12:16:56.182116
88,Kalki 2898 AD,12727044,"1,049",18289575,Jun 27,Prathyangira Cinemas,false,2025-12-13T12:16:56.182116
89,Am I Racist?,12311598,"1,600",12311598,Sep 13,SDG Releasing,false,2025-12-13T12:16:56.182116
90,Here,12237270,"2,732",12237270,Nov 1,Sony Pictures Releasing,false,2025-12-13T12:16:56.182116
91,Bonhoeffer,12121045,"1,900",12222383,Nov 22,Angel,false,2025-12-13T12:16:56.182116
92,Sound of Hope: The Story of Possum Trot,11647099,"2,200",11647099,Jul 4,Angel,false,2025-12-13T12:16:56.182116
93,Godzilla Minus One,11564257,"2,622",57144669,Dec 1,Toho International,false,2025-12-13T12:16:56.182116
94,The Boy and the Heron,10986312,"2,325",46832867,Dec 8,GKIDS,false,2025-12-13T12:16:56.182116
95,The Chosen: S4 Episodes 4-6,10797328,"2,272",9482744,Feb 15,Fathom Events,false,2025-12-13T12:16:56.182116
96,Never Let Go,10306106,"2,667",10306106,Sep 20,Lionsgate,false,2025-12-13T12:16:56.182116
97,Late Night with the Devil,10000293,"1,442",10001000,Mar 22,IFC Films,false,2025-12-13T12:16:56.182116
98,Lisa Frankenstein,9774285,"3,144",9774285,Feb 9,Focus Features,false,2025-12-13T12:16:56.182116
99,Piece by Piece,9756635,"1,873",9756635,Oct 11,Focus Features,false,2025-12-13T12:16:56.182116
100,Saturday Night,9511315,"2,336",9511315,Sep 27,Sony Pictures Releasing,false,2025-12-13T12:16:56.182116
101,The Crow,9275659,"2,752",9275659,Aug 23,Lionsgate,false,2025-12-13T12:16:56.182116
102,Babygirl,9186495,"2,164",28196732,Dec 25,A24,false,2025-12-13T12:16:56.182116
103,Thelma,9002073,"1,290",9002073,Jun 21,Magnolia Pictures,false,2025-12-13T12:16:56.182116
104,The Lord of the Rings: The War of the Rohirrim,8755502,"2,602",9158572,Dec 13,Warner Bros.,false,2025-12-13T12:16:56.182116
105,Love Lies Bleeding,8335797,"1,828",8335797,Mar 8,A24,false,2025-12-13T12:16:56.182116
106,The Zone of Interest,8195679,598,8659464,Dec 8,A24,false,2025-12-13T12:16:56.182116
107,Spy x Family Code: White,8110042,"2,009",8110042,Apr 19,Crunchyroll,false,2025-12-13T12:16:56.182116
108,Ferrari,7771546,"2,386",18550028,Dec 25,Neon,false,2025-12-13T12:16:56.182116
109,The Chosen: S4 Episodes 7-8,7729152,"2,215",7729152,Feb 29,Fathom Events,false,2025-12-13T12:16:56.182116
110,A Real Pain,7676866,"1,185",8344978,Nov 1,Searchlight Pictures,false,2025-12-13T12:16:56.182116
111,Megalopolis,7629085,"1,854",7629085,Sep 27,Lionsgate,false,2025-12-13T12:16:56.182116
112,Sight,7206741,"2,118",7206741,May 24,Angel,false,2025-12-13T12:16:56.182116
113,Haikyu!! The Dumpster Battle,7071622,"1,119",7071622,May 31,Crunchyroll,false,2025-12-13T12:16:56.182116
114,Afraid,6725687,"3,003",6725687,Aug 30,Sony Pictures Releasing,false,2025-12-13T12:16:56.182116
115,The Hunger Games: The Ballad of Songbirds & Snakes,6630969,"3,776",166350594,Nov 17,Lionsgate,false,2025-12-13T12:16:56.182116
116,I.S.S.,6573799,"2,518",6573799,Jan 19,Bleecker Street Media,false,2025-12-13T12:16:56.182116
117,Pushpa: The Rule - Part 2,6400000,"1,245",13000000,Dec 5,AA Films,false,2025-12-13T12:16:56.182116
118,Cuckoo,6217733,"1,503",6217733,Aug 9,Neon,false,2025-12-13T12:16:56.182116
119,Back to Black,6178165,"2,013",6178165,May 17,Focus Features,false,2025-12-13T12:16:56.182116
120,The Book of Clarence,6132813,"2,010",6132813,Jan 12,Sony Pictures Releasing,false,2025-12-13T12:16:56.182116
121,The Nightmare Before Christmas2024 Re-release,6124705,"1,860",6124705,Oct 11,Walt Disney Studios Motion Pictures,false,2025-12-13T12:16:56.182116
122,Columbia 100th Anniversary SeriesColumbia 100th Anniversary Series,6013515,466,6013515,Apr 15,Sony Pictures Releasing,false,2025-12-13T12:16:56.182116
123,Someone Like You,5937306,"1,802",5937306,Apr 5,Fathom Events,false,2025-12-13T12:16:56.182116
124,Trolls Band Together,5729950,"3,893",103270155,Nov 17,Universal Pictures,false,2025-12-13T12:16:56.182116
125,One Life,5716885,"1,009",5716885,Mar 15,Bleecker Street Media,false,2025-12-13T12:16:56.182116
126,Devara Part 1,5600000,"1,040",5600000,Sep 26,Prathyangira Cinemas,false,2025-12-13T12:16:56.182116
127,The Killer's Game,5404378,"2,623",5404378,Sep 13,Lionsgate,false,2025-12-13T12:16:56.182116
128,My Old Ass,5372282,"1,390",5372282,Sep 13,Amazon MGM Studios,false,2025-12-13T12:16:56.182116
129,White Bird,5069171,"1,038",5069171,Oct 4,Lionsgate,false,2025-12-13T12:16:56.182116
130,My Hero Academia: You're Next,5041781,"1,845",5041781,Oct 11,Toho International,false,2025-12-13T12:16:56.182116
131,Kinds of Kindness,5038931,920,5038931,Jun 21,Searchlight Pictures,false,2025-12-13T12:16:56.182116
132,Drive-Away Dolls,5028215,"2,280",5028215,Feb 23,Focus Features,false,2025-12-13T12:16:56.182116
133,The Fire Inside,5021220,"2,032",8093190,Dec 25,Amazon MGM Studios,false,2025-12-13T12:16:56.182116
134,I Saw the TV Glow,5017817,469,5017817,May 3,A24,false,2025-12-13T12:16:56.182116
135,Wicked Little Letters,5008178,"1,009",5008179,Mar 29,Sony Pictures Releasing,false,2025-12-13T12:16:56.182116
136,Dìdi,4839360,435,4839360,Jul 26,Focus Features,false,2025-12-13T12:16:56.182116
137,Origin,4689830,664,4689830,Dec 8,Neon,false,2025-12-13T12:16:56.182116
138,Land of Bad,4620045,"1,317",4620045,Feb 16,The Avenue Entertainment,false,2025-12-13T12:16:56.182116
139,The Exorcism,4530418,"2,240",4530418,Jun 21,Vertical Entertainment,false,2025-12-13T12:16:56.182116
140,Y2K,4375523,"2,108",4446596,Dec 6,A24,false,2025-12-13T12:16:56.182116
141,In a Violent Nature,4229999,"1,426",4229999,May 31,IFC Films,false,2025-12-13T12:16:56.182116
142,For King + Country: A Drummer Boy Christmas - Live,4227406,"1,540",4227406,Dec 5,Fathom Events,false,2025-12-13T12:16:56.182116
143,The Apprentice,4001910,"1,740",4001904,Oct 11,Briarcliff Entertainment,false,2025-12-13T12:16:56.182116
144,Babes,3800038,"1,118",3800038,May 17,Neon,false,2025-12-13T12:16:56.182116
145,Perfect Days,3766668,271,3766668,Feb 7,Neon,false,2025-12-13T12:16:56.182116
146,Oppenheimer,3761170,"3,761",330078895,Jul 21,Universal Pictures,false,2025-12-13T12:16:56.182116
147,All of Us Strangers,3703589,295,4050103,Dec 22,Searchlight Pictures,false,2025-12-13T12:16:56.182116
148,Shrek 22024 Re-release,3427910,"1,512",3427910,Apr 12,DreamWorks,false,2025-12-13T12:16:56.182116
149,Wish,3364674,"3,900",63973821,Nov 22,Walt Disney Studios Motion Pictures,false,2025-12-13T12:16:56.182116
150,Solo Leveling: ReAwakening,3350693,846,3350693,Dec 6,Sony Pictures Releasing,false,2025-12-13T12:16:56.182116
151,Queer,3282117,460,3736813,Nov 27,A24,false,2025-12-13T12:16:56.182116
152,God's Not Dead: In God We Trust,3269322,"1,392",3269322,Sep 12,Fathom Events,false,2025-12-13T12:16:56.182116
153,The Lord of the Rings: The Fellowship of the Ring2024 Re-release,3256658,"1,529",3256658,Jun 7,Fathom Events,false,2025-12-13T12:16:56.182116
154,2024 Oscar Nominated Short Films: Documentary,3162293,367,3162293,Feb 16,ShortsTV,false,2025-12-13T12:16:56.182116
155,The Front Room,3092269,"2,095",3092269,Sep 6,A24,false,2025-12-13T12:16:56.182116
156,Strange Darling,3083595,"1,135",3083595,Aug 23,-,false,2025-12-13T12:16:56.182116
157,The Long Game,3060040,"1,030",3060040,Apr 12,-,false,2025-12-13T12:16:56.182116
158,Jesus Thirsts: The Miracle of the Eucharist,2927121,"1,112",2927121,Jun 4,Fathom Events,false,2025-12-13T12:16:56.182116
159,1992,2906073,875,2906073,Aug 30,Lionsgate,false,2025-12-13T12:16:56.182116
160,The Fabulous Four,2854291,"1,045",2854291,Jul 26,Bleecker Street Media,false,2025-12-13T12:16:56.182116
161,My Penguin Friend,2769460,"1,083",2769460,Aug 16,Roadside Attractions,false,2025-12-13T12:16:56.182116
162,Absolution,2716343,"1,500",2716343,Nov 1,The Samuel Goldwyn Company,false,2025-12-13T12:16:56.182116
163,The Taste of Things,2655074,505,2654510,Feb 9,IFC Films,false,2025-12-13T12:16:56.182116
164,GHOST: Rite Here Rite Now,2647702,755,2647702,Jun 20,Trafalgar Releasing,false,2025-12-13T12:16:56.182116
165,Ezra,2631460,"1,320",2631460,May 31,Bleecker Street Media,false,2025-12-13T12:16:56.182116
166,Sight & Sound Presents: Daniel LIVE,2629933,851,2629933,Aug 30,Fathom Events,false,2025-12-13T12:16:56.182116
167,Boy Kills World,2626127,"1,993",2626127,Apr 26,Roadside Attractions,false,2025-12-13T12:16:56.182116
168,"Hello, Love, Again",2625000,248,2625000,Nov 14,-,false,2025-12-13T12:16:56.182116
169,Escape from Germany,2576216,131,2616475,Apr 12,Susan Tuckett Media,false,2025-12-13T12:16:56.182116
170,Jung Kook: I Am Still,2574318,769,2574318,Sep 18,Trafalgar Releasing,false,2025-12-13T12:16:56.182116
171,The Lord of the Rings: The Two Towers2024 Re-release,2566412,"1,549",2566412,Jun 7,Fathom Events,false,2025-12-13T12:16:56.182116
172,The Blue Angels,2560945,450,2560945,May 17,Amazon MGM Studios,false,2025-12-13T12:16:56.182116
173,Problemista,2503154,379,2503154,Mar 1,A24,false,2025-12-13T12:16:56.182116
174,The American Society of Magical Negroes,2480645,"1,153",2480645,Mar 15,Focus Features,false,2025-12-13T12:16:56.182116
175,The Lord of the Rings: The Return of the King2024 Re-release,2450927,"1,172",2450927,Jun 10,Fathom Events,false,2025-12-13T12:16:56.182116
176,Summer Camp,2403638,"1,787",2403638,May 31,Roadside Attractions,false,2025-12-13T12:16:56.182116
177,Sing Sing,2403211,191,2403211,Jul 12,A24,false,2025-12-13T12:16:56.182116
178,Howl's Moving Castle20th Anniversary – Studio Ghibli Fest 2024,2384690,"1,592",2384690,Sep 26,Fathom Events,false,2025-12-13T12:16:56.182116
179,Interstella 5555: The 5tory of the 5ecret 5tar 5ystem,2328339,641,2328339,Dec 12,Trafalgar Releasing,false,2025-12-13T12:16:56.182116
180,Hitpig,2324019,"2,107",2324019,Nov 1,Viva Pictures,false,2025-12-13T12:16:56.182116
181,Elevation,2321801,"1,416",2321801,Nov 8,Vertical Entertainment,false,2025-12-13T12:16:56.182116
182,Alien2024 Re-release,2305647,"1,750",2305647,Apr 26,Walt Disney Studios Motion Pictures,false,2025-12-13T12:16:56.182116
183,Exhuma,2288496,70,2310900,Mar 15,Well Go USA Entertainment,false,2025-12-13T12:16:56.182116
184,Flow,2280601,377,4844117,Nov 22,Janus Films,false,2025-12-13T12:16:56.182116
185,In the Land of Saints and Sinners,2258795,896,2258795,Mar 29,The Samuel Goldwyn Company,false,2025-12-13T12:16:56.182116
186,Bhool Bhulaiyaa 3,2230000,754,2230000,Nov 1,-,false,2025-12-13T12:16:56.182116
187,The Lion King2024 Re-release,2195943,"1,330",2195943,Jul 12,Walt Disney Studios Motion Pictures,false,2025-12-13T12:16:56.182116
188,Singham Again,2190000,749,2190000,Nov 1,-,false,2025-12-13T12:16:56.182116
189,Stree 2,2184000,666,2570000,Aug 16,Parthenos,false,2025-12-13T12:16:56.182116
190,The Holdovers,2146720,"1,601",20355375,Oct 27,Focus Features,false,2025-12-13T12:16:56.182116
191,Average Joe,2106965,"1,713",2106965,Oct 11,Fathom Events,false,2025-12-13T12:16:56.182116
192,The Ark and the Darkness,2097560,"1,030",2097560,Mar 20,Fathom Events,false,2025-12-13T12:16:56.182116
193,Between the Temples,2084121,576,2084122,Aug 23,Sony Pictures Classics,false,2025-12-13T12:16:56.182116
194,Lee,2005488,854,2005488,Sep 27,Roadside Attractions,false,2025-12-13T12:16:56.182116
195,Look Back,2002270,531,2002270,Oct 4,GKIDS,false,2025-12-13T12:16:56.182116
196,Yolo,2001584,200,2001584,Mar 8,Sony Pictures Releasing,false,2025-12-13T12:16:56.182116
197,Queen Rock Montreal,2000000,387,2000000,Jan 18,-,false,2025-12-13T12:16:56.182116
198,The Order,1980622,603,2010901,Dec 6,Vertical Entertainment,false,2025-12-13T12:16:56.182116
199,SUGA: Agust D Tour 'D-DAY' the Movie,1951896,787,1951896,Apr 10,Trafalgar Releasing,false,2025-12-13T12:16:56.182116
200,Out of Darkness,1951547,897,1951547,Feb 9,Bleecker Street Media,false,2025-12-13T12:16:56.182116
